,name,constraint,owner
0,CMS_AN23122_Background_fail_LOW_bin_1-1,flatParam,CMS_AN23122_Background_fail
1,CMS_AN23122_Background_fail_LOW_bin_2-1,flatParam,CMS_AN23122_Background_fail
2,CMS_AN23122_Background_fail_LOW_bin_3-1,flatParam,CMS_AN23122_Background_fail
3,CMS_AN23122_Background_fail_LOW_bin_4-1,flatParam,CMS_AN23122_Background_fail
4,CMS_AN23122_Background_fail_LOW_bin_5-1,flatParam,CMS_AN23122_Background_fail
5,CMS_AN23122_Background_fail_SIG_bin_1-1,flatParam,CMS_AN23122_Background_fail
6,CMS_AN23122_Background_fail_HIGH_bin_1-1,flatParam,CMS_AN23122_Background_fail
7,CMS_AN23122_Background_fail_HIGH_bin_2-1,flatParam,CMS_AN23122_Background_fail
8,CMS_AN23122_Background_fail_HIGH_bin_3-1,flatParam,CMS_AN23122_Background_fail
9,CMS_AN23122_Background_fail_HIGH_bin_4-1,flatParam,CMS_AN23122_Background_fail
10,CMS_AN23122_Background_fail_HIGH_bin_5-1,flatParam,CMS_AN23122_Background_fail
11,CMS_AN23122_Background_fail_HIGH_bin_6-1,flatParam,CMS_AN23122_Background_fail
12,CMS_AN23122_Background_fail_HIGH_bin_7-1,flatParam,CMS_AN23122_Background_fail
13,CMS_AN23122_Background_fail_HIGH_bin_8-1,flatParam,CMS_AN23122_Background_fail
29,CMS_AN23122_Background_fail_LOW_bin_1-1,flatParam,CMS_AN23122_Background_1x0_pass
30,CMS_AN23122_Background_fail_LOW_bin_2-1,flatParam,CMS_AN23122_Background_1x0_pass
31,CMS_AN23122_Background_fail_LOW_bin_3-1,flatParam,CMS_AN23122_Background_1x0_pass
32,CMS_AN23122_Background_fail_LOW_bin_4-1,flatParam,CMS_AN23122_Background_1x0_pass
33,CMS_AN23122_Background_fail_LOW_bin_5-1,flatParam,CMS_AN23122_Background_1x0_pass
34,CMS_AN23122_Background_fail_SIG_bin_1-1,flatParam,CMS_AN23122_Background_1x0_pass
35,CMS_AN23122_Background_fail_HIGH_bin_1-1,flatParam,CMS_AN23122_Background_1x0_pass
36,CMS_AN23122_Background_fail_HIGH_bin_2-1,flatParam,CMS_AN23122_Background_1x0_pass
37,CMS_AN23122_Background_fail_HIGH_bin_3-1,flatParam,CMS_AN23122_Background_1x0_pass
38,CMS_AN23122_Background_fail_HIGH_bin_4-1,flatParam,CMS_AN23122_Background_1x0_pass
39,CMS_AN23122_Background_fail_HIGH_bin_5-1,flatParam,CMS_AN23122_Background_1x0_pass
40,CMS_AN23122_Background_fail_HIGH_bin_6-1,flatParam,CMS_AN23122_Background_1x0_pass
41,CMS_AN23122_Background_fail_HIGH_bin_7-1,flatParam,CMS_AN23122_Background_1x0_pass
42,CMS_AN23122_Background_fail_HIGH_bin_8-1,flatParam,CMS_AN23122_Background_1x0_pass
43,CMS_AN23122_Background_rpf_1x0_par0,flatParam,CMS_AN23122_Background_1x0_pass
44,CMS_AN23122_Background_rpf_1x0_par1,flatParam,CMS_AN23122_Background_1x0_pass
